SNP,Beta,P_value,FDR,-log10(P)
SNP_0,1.1429136436467686,3.3034408581909612e-06,8.258602145477403e-05,5.48103346400058
SNP_1,1.766718298329767,2.4611955153816728e-08,8.203985051272242e-07,7.608853884924318
SNP_2,-1.2665764290548585,8.432110195648242e-12,8.432110195648241e-10,11.07406372648527
SNP_3,1.1515845736020551,5.268374864130183e-06,0.00010536749728260365,5.2783233309708635
SNP_4,1.750121618587585,3.853137581533697e-09,1.9265687907668487e-07,8.414185483633212
SNP_5,0.03857934453600986,0.8384202904124199,0.9505784642391146,0.0765382199744708
SNP_6,0.14905283343981798,0.43991095386111967,0.7907249389235482,0.3566352238785321
SNP_7,-0.09184836456483958,0.6341501264674028,0.8607069408642377,0.1978079166004923
SNP_8,-0.015362432526457782,0.9342558314215934,0.9631503416717458,0.0295341826982169
SNP_9,0.11902530312430255,0.5456532504885848,0.8268681837880436,0.2630832533353422
SNP_10,-0.027006815159371766,0.8860243773681136,0.9530123482109385,0.05255432911654611
SNP_11,-0.15701723087663644,0.3935629764387929,0.7822310734130654,0.40498576360607474
SNP_12,-0.1960385757976053,0.27890374482717883,0.7822310734130654,0.5545456544436638
SNP_13,-0.025263730103383345,0.8935691317688559,0.9530123482109385,0.04887184228054262
SNP_14,-0.1401642220590024,0.45523513555190864,0.7907249389235482,0.34176422599031975
SNP_15,0.10097682769161248,0.6005264041026844,0.8607069408642377,0.22146789266740938
SNP_16,-0.42245402990556796,0.02453981883272294,0.30674773540903677,1.6101286478127292
SNP_17,-0.44128591281837,0.011028257484431755,0.1575465354918822,1.9574931026712277
SNP_18,-0.31318225467365557,0.08513008611068756,0.6548468162360581,1.0699169273103477
SNP_19,-0.1272063389712298,0.48580794973254404,0.8096799162209067,0.3135353827035357
SNP_20,-0.08442542182279313,0.662744344465463,0.8607069408642377,0.17865396963473534
SNP_21,0.11473324339630005,0.5457330013001088,0.8268681837880436,0.2630197829784872
SNP_22,-0.14947309654200272,0.42240477964305534,0.7822310734130654,0.37427117626766193
SNP_23,0.24424584471646102,0.22986957821260834,0.7822310734130654,0.6385185010605104
SNP_24,0.3166782983916604,0.11567764755547469,0.7711843170364979,0.9367505518619972
SNP_25,0.13449905805358447,0.4807220364649507,0.8096799162209067,0.3181059692052992
SNP_26,-0.2532145723185054,0.17839141953525606,0.7822310734130654,0.7486260386264227
SNP_27,-0.17037241555782817,0.36610214846169653,0.7822310734130654,0.43639772246421726
SNP_28,-0.14881778251087865,0.4214993066571153,0.7822310734130654,0.37520313542888667
SNP_29,-0.21006758030961004,0.24233542035209343,0.7822310734130654,0.6155831036536307
SNP_30,-0.1735511941168302,0.35110018036047963,0.7822310734130654,0.45456894743712406
SNP_31,0.3997092639718091,0.04678928737929417,0.4678928737929417,1.329853569246739
SNP_32,-0.28921385129499405,0.1038637442657771,0.7418838876126935,0.9835360252355235
SNP_33,0.2166787881703309,0.23829337119378746,0.7822310734130654,0.6228880386187184
SNP_34,-0.024274518938815392,0.8958316073182822,0.9530123482109385,0.04777361855827181
SNP_35,0.05366040970320523,0.7770164638394348,0.9362747041926525,0.10956977903838266
SNP_36,-0.24375997820872386,0.1903628088806889,0.7822310734130654,0.7204178956342406
SNP_37,-0.17516412221929775,0.388121602144032,0.7822310734130654,0.4110321845445469
SNP_38,-0.16315939402127208,0.3811675960078673,0.7822310734130654,0.4188840269034455
SNP_39,-0.2963390280321086,0.12983350700345667,0.7822310734130654,0.886613211782254
SNP_40,0.12750520114011127,0.5049697978958154,0.8182846029280806,0.2967345961376391
SNP_41,-0.08575832367599098,0.6598411611645647,0.8607069408642377,0.18056059647623213
SNP_42,0.08576553166826723,0.6589572165636842,0.8607069408642377,0.18114278148107027
SNP_43,-0.05256086718274806,0.7751410813097233,0.9362747041926525,0.11061924554774696
SNP_44,0.2172326316848793,0.26726029376421456,0.7822310734130654,0.5730655585648263
SNP_45,-0.20245418627330153,0.2628824225005908,0.7822310734130654,0.5802384518023814
SNP_46,-0.22139586030236638,0.22874015612757526,0.7822310734130654,0.6406575867979687
SNP_47,-0.08111143255040351,0.6618176284178692,0.8607069408642377,0.1792616689944774
SNP_48,-0.05161470808530597,0.7771080044799015,0.9362747041926525,0.10951861763415674
SNP_49,0.23600498428290562,0.21939174674531137,0.7822310734130654,0.6587797140921532
SNP_50,0.04990128400417303,0.7962681758753791,0.9479383046135467,0.09894064119689035
SNP_51,0.34331314391248896,0.07834680901860183,0.6528900751550153,1.1059786871830655
SNP_52,-0.14794721486011278,0.4491881876017354,0.7907249389235482,0.3475716729957021
SNP_53,-0.036918628551829855,0.846014833172812,0.9505784642391146,0.07262202241177129
SNP_54,-0.15787972110778548,0.4009907679565755,0.7822310734130654,0.39686562606228715
SNP_55,0.028142686877109323,0.8791721045410773,0.9530123482109385,0.05592610019793666
SNP_56,0.1225891749557934,0.5388035146153709,0.8268681837880436,0.26856958003687065
SNP_57,-0.09693749699715805,0.6132722171388452,0.8607069408642377,0.21234670956099316
SNP_58,0.17036081313044418,0.3835237439536767,0.7822310734130654,0.416207743712784
SNP_59,0.030693135663401847,0.8740265854995066,0.9530123482109385,0.05847535711372661
SNP_60,0.1927947487214315,0.30919578365341915,0.7822310734130654,0.5097664369676161
SNP_61,0.2636111194591996,0.19203977214782375,0.7822310734130654,0.7166088179861542
SNP_62,-0.19636488042794586,0.3019743257971763,0.7822310734130654,0.5200299796872203
SNP_63,0.25492836189808527,0.2017556021331124,0.7822310734130654,0.6951743974152146
SNP_64,0.16975596934423948,0.38207255705691223,0.7822310734130654,0.41785415505371537
SNP_65,-0.1822737908684921,0.3238292782433566,0.7822310734130654,0.48968388811909636
SNP_66,-0.01760045791357351,0.9256264675372794,0.9631503416717458,0.03356423558067207
SNP_67,-0.15093852824866288,0.4165990443053581,0.7822310734130654,0.380281730675804
SNP_68,0.2507477979687149,0.20629396575924697,0.7822310734130654,0.6855134752541333
SNP_69,0.18514991086294302,0.35755527784610186,0.7822310734130654,0.44665680698817595
SNP_70,-0.24039811116102522,0.1947553216838247,0.7822310734130654,0.7105106664084517
SNP_71,0.11319964611476992,0.5543890202825055,0.8274462989291126,0.2561853795469351
SNP_72,0.19689446305032862,0.3205514228054638,0.7822310734130654,0.49410229110846526
SNP_73,-0.09118903070031946,0.6389604296478677,0.8607069408642377,0.19452603654848566
SNP_74,0.19082306892002204,0.31047883604742865,0.7822310734130654,0.5079679983894227
SNP_75,-0.03945540315405281,0.8326355077402835,0.9505784642391146,0.07954507256663877
SNP_76,-0.15552816768747374,0.3957685051102847,0.7822310734130654,0.40255876950567254
SNP_77,0.2519585877447526,0.2066644804970107,0.7822310734130654,0.6847341593170853
SNP_78,0.3750177963669029,0.06946492041492466,0.6314992764993151,1.1582344575158017
SNP_79,-0.15328908946624542,0.40776417847230684,0.7822310734130654,0.38959092906088305
SNP_80,0.1775806741241808,0.36037665717154443,0.7822310734130654,0.44324334752069017
SNP_81,0.08766043706538378,0.6452769826325233,0.8607069408642377,0.19025382612790964
SNP_82,0.0030023642726085516,0.987332184312072,0.9969353399917215,0.005536705950290188
SNP_83,0.143213113871114,0.45862046457565797,0.7907249389235482,0.3385465700727453
SNP_84,0.044613458441775763,0.826584933843431,0.9505784642391146,0.08271251486400333
SNP_85,-0.12414114544259473,0.5073364538154099,0.8182846029280806,0.29470393105518927
SNP_86,0.07485462241225647,0.6835918991468124,0.8721367487609448,0.16520309249413842
SNP_87,0.5424015333841381,0.009411934670064369,0.15686557783440616,2.026321096001862
SNP_88,0.12616835117035508,0.5193841385086188,0.824419267473998,0.28451131743941827
SNP_89,0.17153306633022525,0.3729886061384162,0.7822310734130654,0.42830443459021733
SNP_90,0.21862968740266123,0.2763579186066437,0.7822310734130654,0.5585280868705196
SNP_91,0.06563144008358113,0.7422821036528078,0.9278526295660097,0.1294310101175638
SNP_92,-0.08886505408710438,0.6292105951089116,0.8607069408642377,0.20120397301856255
SNP_93,0.016513586233121855,0.9310689031265009,0.9631503416717458,0.031018178159005354
SNP_94,0.0030904607909001593,0.9871476109559777,0.9969353399917215,0.0056179012002833565
SNP_95,-0.0007375970137136186,0.9969353399917215,0.9969353399917215,0.001333008584473569
SNP_96,-0.044539297883745305,0.8144998246286536,0.9505784642391146,0.08910900486414737
SNP_97,-0.19706429488367636,0.29796277050036346,0.7822310734130654,0.5258379962469647
SNP_98,-0.3660959185573379,0.045486022114373435,0.4678928737929417,1.3421220418316353
SNP_99,0.07402194346652308,0.6889880315211464,0.8721367487609448,0.16178832219900519
